'CM_id',1,2,3,4,5,6,7,8,9,10,'GHM'
'28','DP','D-055','DP','D-022','1A','A-180',,,,,'28Z01Z'
'28','DP','D-055','DP','D-022','1A','A-181',,,,,'28Z02Z'
'28','DP','D-055','DP','D-022','1A','A-234',,,,,'28Z03Z'
'28','DP','D-055','DP','D-022','DP','D-094',,,,,'28Z04Z'
'28','DP','D-055','DP','D-022','DP','D-109',,,,,'28Z05Z'
'28','DP','D-055','DP','D-022','DP','D-110',,,,,'28Z06Z'
'28','DP','D-055','DP','D-022',,,,,,,'90Z02Z'
'28','DP','D-055','DP','D-023',,,,,,,'28Z07Z'
'28','DP','D-055','DP','D-051','1A','A-169',,,,,'28Z08Z'
'28','DP','D-055','DP','D-051',,,,,,,'28Z09Z'
'28','DP','D-055','DP','D-052','1A','A-205',,,,,'28Z10Z'
'28','DP','D-055','DP','D-052','1A','A-170',,,,,'28Z11Z'
'28','DP','D-055','DP','D-052','1A','A-171',,,,,'28Z12Z'
'28','DP','D-055','DP','D-052','1A','A-182',,,,,'28Z13Z'
'28','DP','D-055','DP','D-052',,,,,,,'90Z02Z'
'28','DP','D-055','DP','D-048',,,,,,,'28Z14Z'
'28','DP','D-055','DP','D-111',,,,,,,'28Z15Z'
'28','DS','>=2',,,,,,,,,'90Z01Z'
'28','NS','>=2',,,,,,,,,'90Z01Z'
'24','MS','décès','1D','D-011',,,,,,,'24Z09E'
'24','MS','décès','DP','D-081',,,,,,,'24Z10E'
'24','MS','transfert','Dest','MCO','DP','D-081',,,,,'24Z24Z'
'24','MS','transfert','Dest','MCO','DP','D-082',,,,,'24Z25Z'
'24','MS','transfert','Dest','MCO',,,,,,,'24Z22Z'
'24','DP','D-076',,,,,,,,,'24Z19Z'
'24','DP','D-108',,,,,,,,,'24Z19Z'
'24','nA','non opératoires','1A','A-138',,,,,,,'24K01Z'
'24','nA','non opératoires','1A','A-215',,,,,,,'24K37Z'
'24','nA','non opératoires','1A','A-217','1A','A-218','1A','A-219','1A','activité 4','24K24Z'
'24','nA','non opératoires','1A','A-217','1A','A-218','1A','A-219',,,'24K25Z'
'24','nA','non opératoires','1A','A-217','1A','A-221','1A','A-222','1A','activité 4','24K26Z'
'24','nA','non opératoires','1A','A-217','1A','A-221','1A','A-222',,,'24K27Z'
'24','nA','non opératoires','1A','A-217','1A','A-221','1A','activité 4',,,'24K28Z'
'24','nA','non opératoires','1A','A-217','1A','A-221',,,,,'24K29Z'
'24','nA','non opératoires','1A','A-217','1A','A-224','1A','A-225','1A','activité 4','24K30Z'
'24','nA','non opératoires','1A','A-217','1A','A-224','1A','A-225',,,'24K31Z'
'24','nA','non opératoires','1A','A-217','1A','A-224','1A','activité 4',,,'24K32Z'
'24','nA','non opératoires','1A','A-217','1A','A-224',,,,,'24K33Z'
'24','nA','non opératoires','1A','A-217','1A','A-227',,,,,'24K34Z'
'24','nA','non opératoires','1A','A-217','1A','A-228',,,,,'24K35Z'
'24','nA','non opératoires','1A','A-168',,,,,,,'24K04Z'
'24','nA','non opératoires','1A','A-177',,,,,,,'24K05Z'
'24','1A','A-183',,,,,,,,,'24C39Z'
'24','DP','CM01','1A','CM01','1A','A-005',,,,,'24C54Z'
'24','DP','CM01','1A','CM01',,,,,,,'24C02Z'
'24','DP','CM01','1A','non médical',,,,,,,'90H03Z'
'24','DP','CM01','1A','activité 4',,,,,,,'24K14Z'
'24','DP','CM01','DP','D-083',,,,,,,'24M01Z'
'24','DP','CM01','DP','D-077',,,,,,,'24M02Z'
'24','DP','CM01','DP','D-098',,,,,,,'24M37Z'
'24','DP','CM02','1A','CM02','1A','A-213',,,,,'24C52Z'
'24','DP','CM02','1A','CM02','1A','A-010',,,,,'24C03Z'
'24','DP','CM02','1A','CM02','1D','D-095',,,,,'24C40Z'
'24','DP','CM02','1A','CM02','1A','A-184',,,,,'24C41Z'
'24','DP','CM02','1A','CM02',,,,,,,'24C04Z'
'24','DP','CM02','1A','non médical',,,,,,,'90H03Z'
'24','DP','CM02',,,,,,,,,'24M04Z'
'24','DP','CM03','1A','CM03','1A','A-185',,,,,'24C42Z'
'24','DP','CM03','1A','CM03','1A','A-022',,,,,'24C05Z'
'24','DP','CM03','1A','CM03','1A','A-023',,,,,'24C06Z'
'24','DP','CM03','1A','CM03',,,,,,,'24C07Z'
'24','DP','CM03','1A','non médical',,,,,,,'90H03Z'
'24','DP','CM03','1A','activité 4',,,,,,,'24K15Z'
'24','DP','CM03','1A','A-053',,,,,,,'24K38Z'
'24','DP','CM03','DP','D-084',,,,,,,'24M05Z'
'24','DP','CM03',,,,,,,,,'24M06Z'
'24','DP','CM04','1A','CM04',,,,,,,'24C08Z'
'24','DP','CM04','1A','non médical',,,,,,,'90H03Z'
'24','DP','CM04','1A','activité 4',,,,,,,'24K14Z'
'24','DP','CM04','DP','D-085',,,,,,,'24M07Z'
'24','DP','CM04',,,,,,,,,'24M08Z'
'24','DP','CM05','1A','CM05','1A','A-235',,,,,'24C43Z'
'24','DP','CM05','1A','CM05','1A','A-236',,,,,'24C44Z'
'24','DP','CM05','1A','CM05','1A','A-040',,,,,'24C09Z'
'24','DP','CM05','1A','CM05',,,,,,,'24C10Z'
'24','DP','CM05','1A','non médical',,,,,,,'90H03Z'
'24','DP','CM05','1A','A-212',,,,,,,'24K36Z'
'24','DP','CM05','1A','A-172',,,,,,,'24K16Z'
'24','DP','CM05','1A','A-216',,,,,,,'24K17Z'
'24','DP','CM05','1D','D-099','1A','A-211',,,,,'24K23Z'
'24','DP','CM05','1D','D-099',,,,,,,'24M40Z'
'24','DP','CM05','1A','A-211',,,,,,,'24K39Z'
'24','DP','CM05','1A','activité 4',,,,,,,'24K18Z'
'24','DP','CM05','DP','D-086',,,,,,,'24M09Z'
'24','DP','CM05',,,,,,,,,'24M10Z'
'24','DP','CM06','1A','CM06','1A','A-048',,,,,'24C11Z'
'24','DP','CM06','1A','CM06','1A','A-189',,,,,'24C45Z'
'24','DP','CM06','1A','CM06','1A','A-050',,,,,'24C12Z'
'24','DP','CM06','1A','CM06',,,,,,,'24C13Z'
'24','DP','CM06','1A','non médical',,,,,,,'90H03Z'
'24','DP','CM06','1A','activité 4',,,,,,,'24K19Z'
'24','DP','CM06','DP','D-087',,,,,,,'24M11Z'
'24','DP','CM06',,,,,,,,,'24M12Z'
'24','DP','CM07','1A','CM07',,,,,,,'24C14Z'
'24','DP','CM07','1A','non médical',,,,,,,'90H03Z'
'24','DP','CM07','1A','activité 4',,,,,,,'24K14Z'
'24','DP','CM07','1A','A-190',,,,,,,'24K20Z'
'24','DP','CM07',,,,,,,,,'24M13Z'
'24','DP','CM08','1A','CM08','1A','A-142',,,,,'24C15Z'
'24','DP','CM08','1A','CM08','1A','A-075','1A','A-186',,,'24C46Z'
'24','DP','CM08','1A','CM08','1A','A-075',,,,,'24C55Z'
'24','DP','CM08','1A','CM08','1A','A-076',,,,,'24C17Z'
'24','DP','CM08','1A','CM08',,,,,,,'24C18Z'
'24','DP','CM08','1A','non médical',,,,,,,'90H03Z'
'24','DP','CM08','1A','activité 4',,,,,,,'24K08Z'
'24','DP','CM08','DP','D-088',,,,,,,'24M14Z'
'24','DP','CM08','DP','D-078',,,,,,,'24M15Z'
'24','DP','CM08',,,,,,,,,'24M16Z'
'24','DP','CM09','1A','A-079',,,,,,,'24C47Z'
'24','DP','CM09','1A','CM09',,,,,,,'24C48Z'
'24','DP','CM09','1A','non médical',,,,,,,'90H03Z'
'24','DP','CM09','1A','activité 4',,,,,,,'24K09Z'
'24','DP','CM09','DP','D-089',,,,,,,'24M17Z'
'24','DP','CM09','DP','D-096',,,,,,,'24M38Z'
'24','DP','CM09',,,,,,,,,'24M18Z'
'24','DP','CM10','1A','CM10',,,,,,,'24C20Z'
'24','DP','CM10','1A','non médical',,,,,,,'90H03Z'
'24','DP','CM10','1A','activité 4',,,,,,,'24K14Z'
'24','DP','CM10',,,,,,,,,'24M19Z'
'24','DP','CM11','1A','CM11','1A','A-097',,,,,'24C21Z'
'24','DP','CM11','1A','CM11',,,,,,,'24C22Z'
'24','DP','CM11','1A','non médical',,,,,,,'90H03Z'
'24','DP','CM11','1A','A-051',,,,,,,'24K10Z'
'24','DP','CM11','1A','activité 4',,,,,,,'24K14Z'
'24','DP','CM11','DP','D-090',,,,,,,'24M20Z'
'24','DP','CM11','1D','D-097',,,,,,,'24M39Z'
'24','DP','CM11',,,,,,,,,'24M21Z'
'24','DP','CM12','Sexe','féminin',,,,,,,'90Z01Z'
'24','DP','CM12','1A','CM12','1A','A-103',,,,,'24C23Z'
'24','DP','CM12','1A','CM12','1A','A-104',,,,,'24C24Z'
'24','DP','CM12','1A','CM12',,,,,,,'24C25Z'
'24','DP','CM12','1A','non médical',,,,,,,'90H03Z'
'24','DP','CM12','1A','activité 4',,,,,,,'24K14Z'
'24','DP','CM12',,,,,,,,,'24M22Z'
'24','DP','CM13','Sexe','masculin',,,,,,,'90Z01Z'
'24','DP','CM13','1A','CM13','1A','A-194',,,,,'24C49Z'
'24','DP','CM13','1A','CM13','1A','A-193',,,,,'24C50Z'
'24','DP','CM13','1A','CM13','1A','A-111',,,,,'24C27Z'
'24','DP','CM13','1A','CM13','1A','A-114',,,,,'24C28Z'
'24','DP','CM13','1A','CM13',,,,,,,'24C29Z'
'24','DP','CM13','1A','non médical',,,,,,,'90H03Z'
'24','DP','CM13','1A','activité 4',,,,,,,'24K11Z'
'24','DP','CM13',,,,,,,,,'24M23Z'
'24','DP','CM14','Sexe','masculin',,,,,,,'90Z01Z'
'24','DP','CM14','DP','D-079','1DAS','D-080',,,,,'24Z15Z'
'24','DP','CM14','1A','opératoire','1A','A-120',,,,,'24C30Z'
'24','DP','CM14','1A','opératoire',,,,,,,'24C31Z'
'24','DP','CM14','1D','D-025',,,,,,,'24Z20Z'
'24','DP','CM14','DP','D-026',,,,,,,'24M24Z'
'24','DP','CM14',,,,,,,,,'24M25Z'
'24','DP','CM15','Age','>120j','1A','opératoire',,,,,'24C38Z'
'24','DP','CM15','Age','>120j',,,,,,,'24M36Z'
'24','DP','CM15','Age','>4j',,,,,,,'24Z21Z'
'24','DP','CM15',,,,,,,,,'24Z23Z'
'24','DP','CM16','1A','CM16',,,,,,,'24C32Z'
'24','DP','CM16','1A','non médical',,,,,,,'90H03Z'
'24','DP','CM16','1A','activité 4',,,,,,,'24K14Z'
'24','DP','CM16',,,,,,,,,'24M26Z'
'24','DP','CM17','DP','D-051',,,,,,,'90Z01Z'
'24','DP','CM17','1A','opératoire',,,,,,,'24C33Z'
'24','DP','CM17','1A','activité 4',,,,,,,'24K12Z'
'24','DP','CM17',,,,,,,,,'24M27Z'
'24','DP','CM18','1A','opératoire',,,,,,,'24C34Z'
'24','DP','CM18','DP','D-070',,,,,,,'24M34Z'
'24','DP','CM18',,,,,,,,,'24M28Z'
'24','DP','CM19','1A','opératoire',,,,,,,'24C35Z'
'24','DP','CM19','DP','D-091',,,,,,,'24M29Z'
'24','DP','CM19',,,,,,,,,'24M30Z'
'24','DP','CM20','DP','D-092',,,,,,,'24Z17Z'
'24','DP','CM20',,,,,,,,,'24Z18Z'
'24','DP','CM21','1A','A-128',,,,,,,'24C51Z'
'24','DP','CM21','1A','CM21',,,,,,,'24C53Z'
'24','DP','CM21','1A','non médical',,,,,,,'90H03Z'
'24','DP','CM21','1A','activité 4',,,,,,,'24K21Z'
'24','DP','CM21','DP','D-093',,,,,,,'24M31Z'
'24','DP','CM21',,,,,,,,,'24M32Z'
'24','DP','CM22','1A','CM22',,,,,,,'24C37Z'
'24','DP','CM22','1A','non médical',,,,,,,'90H03Z'
'24','DP','CM22','1A','activité 4',,,,,,,'24K22Z'
'24','DP','CM22',,,,,,,,,'24M33Z'
'24','DP','CM23','1A','opératoire',,,,,,,'24C38Z'
'24','DP','CM23','1A','activité 4',,,,,,,'24K14Z'
'24','DP','CM23','1DR','D-049',,,,,,,'24M34Z'
'24','DP','CM23','1DR','D-050',,,,,,,'24M35Z'
'24','DP','CM23',,,,,,,,,'24M36Z'
'27','1A','CM27','1A','A-139',,,,,,,'27C02Z'
'27','1A','CM27','1A','A-140',,,,,,,'27C03Z'
'27','1A','CM27','1A','A-141',,,,,,,'27C04Z'
'27','1A','CM27','1A','A-027',,,,,,,'27C05Z'
'27','1A','CM27','1A','A-093',,,,,,,'27C06Z'
'27','1A','A-138','1D','D-054',,,,,,,'27Z02Z'
'27','1A','A-138','1A','A-178',,,,,,,'27Z02Z'
'27','1A','A-138',,,,,,,,,'27Z03Z'
'26','DP','D-039','1D','D-040','1D','D-041','1A','opératoire','1DAS','CMASNT','26C01S'
'26','DP','D-039','1D','D-040','1D','D-041','1A','opératoire',,,'26C02Z'
'26','DP','D-039','1D','D-040','1D','D-041','1DAS','CMASNT',,,'26M01S'
'26','DP','D-039','1D','D-040','1D','D-041',,,,,'26M02Z'
'26','DP','D-039','1D','D-040','1D','D-042','1A','opératoire','1DAS','CMASNT','26C01S'
'26','DP','D-039','1D','D-040','1D','D-042','1A','opératoire',,,'26C02Z'
'26','DP','D-039','1D','D-040','1D','D-042','1DAS','CMASNT',,,'26M01S'
'26','DP','D-039','1D','D-040','1D','D-042',,,,,'26M02Z'
'26','DP','D-039','1D','D-040','1D','D-043','1A','opératoire','1DAS','CMASNT','26C01S'
'26','DP','D-039','1D','D-040','1D','D-043','1A','opératoire',,,'26C02Z'
'26','DP','D-039','1D','D-040','1D','D-043','1DAS','CMASNT',,,'26M01S'
'26','DP','D-039','1D','D-040','1D','D-043',,,,,'26M02Z'
'26','DP','D-039','1D','D-040','1D','D-044','1A','opératoire','1DAS','CMASNT','26C01S'
'26','DP','D-039','1D','D-040','1D','D-044','1A','opératoire',,,'26C02Z'
'26','DP','D-039','1D','D-040','1D','D-044','1DAS','CMASNT',,,'26M01S'
'26','DP','D-039','1D','D-040','1D','D-044',,,,,'26M02Z'
'26','DP','D-039','1D','D-040','1D','D-045','1A','opératoire','1DAS','CMASNT','26C01S'
'26','DP','D-039','1D','D-040','1D','D-045','1A','opératoire',,,'26C02Z'
'26','DP','D-039','1D','D-040','1D','D-045','1DAS','CMASNT',,,'26M01S'
'26','DP','D-039','1D','D-040','1D','D-045',,,,,'26M02Z'
'26','DP','D-039','1D','D-040','1D','D-046','1A','opératoire','1DAS','CMASNT','26C01S'
'26','DP','D-039','1D','D-040','1D','D-046','1A','opératoire',,,'26C02Z'
'26','DP','D-039','1D','D-040','1D','D-046','1DAS','CMASNT',,,'26M01S'
'26','DP','D-039','1D','D-040','1D','D-046',,,,,'26M02Z'
'26','DP','D-039','1D','D-040','1D','D-047','1A','opératoire','1DAS','CMASNT','26C01S'
'26','DP','D-039','1D','D-040','1D','D-047','1A','opératoire',,,'26C02Z'
'26','DP','D-039','1D','D-040','1D','D-047','1DAS','CMASNT',,,'26M01S'
'26','DP','D-039','1D','D-040','1D','D-047',,,,,'26M02Z'
'26','DP','D-039','1D','D-041','1D','D-042','1A','opératoire','1DAS','CMASNT','26C01S'
'26','DP','D-039','1D','D-041','1D','D-042','1A','opératoire',,,'26C02Z'
'26','DP','D-039','1D','D-041','1D','D-042','1DAS','CMASNT',,,'26M01S'
'26','DP','D-039','1D','D-041','1D','D-042',,,,,'26M02Z'
'26','DP','D-039','1D','D-041','1D','D-043','1A','opératoire','1DAS','CMASNT','26C01S'
'26','DP','D-039','1D','D-041','1D','D-043','1A','opératoire',,,'26C02Z'
'26','DP','D-039','1D','D-041','1D','D-043','1DAS','CMASNT',,,'26M01S'
'26','DP','D-039','1D','D-041','1D','D-043',,,,,'26M02Z'
'26','DP','D-039','1D','D-041','1D','D-044','1A','opératoire','1DAS','CMASNT','26C01S'
'26','DP','D-039','1D','D-041','1D','D-044','1A','opératoire',,,'26C02Z'
'26','DP','D-039','1D','D-041','1D','D-044','1DAS','CMASNT',,,'26M01S'
'26','DP','D-039','1D','D-041','1D','D-044',,,,,'26M02Z'
'26','DP','D-039','1D','D-041','1D','D-045','1A','opératoire','1DAS','CMASNT','26C01S'
'26','DP','D-039','1D','D-041','1D','D-045','1A','opératoire',,,'26C02Z'
'26','DP','D-039','1D','D-041','1D','D-045','1DAS','CMASNT',,,'26M01S'
'26','DP','D-039','1D','D-041','1D','D-045',,,,,'26M02Z'
'26','DP','D-039','1D','D-041','1D','D-046','1A','opératoire','1DAS','CMASNT','26C01S'
'26','DP','D-039','1D','D-041','1D','D-046','1A','opératoire',,,'26C02Z'
'26','DP','D-039','1D','D-041','1D','D-046','1DAS','CMASNT',,,'26M01S'
'26','DP','D-039','1D','D-041','1D','D-046',,,,,'26M02Z'
'26','DP','D-039','1D','D-041','1D','D-047','1A','opératoire','1DAS','CMASNT','26C01S'
'26','DP','D-039','1D','D-041','1D','D-047','1A','opératoire',,,'26C02Z'
'26','DP','D-039','1D','D-041','1D','D-047','1DAS','CMASNT',,,'26M01S'
'26','DP','D-039','1D','D-041','1D','D-047',,,,,'26M02Z'
'26','DP','D-039','1D','D-042','1D','D-043','1A','opératoire','1DAS','CMASNT','26C01S'
'26','DP','D-039','1D','D-042','1D','D-043','1A','opératoire',,,'26C02Z'
'26','DP','D-039','1D','D-042','1D','D-043','1DAS','CMASNT',,,'26M01S'
'26','DP','D-039','1D','D-042','1D','D-043',,,,,'26M02Z'
'26','DP','D-039','1D','D-042','1D','D-044','1A','opératoire','1DAS','CMASNT','26C01S'
'26','DP','D-039','1D','D-042','1D','D-044','1A','opératoire',,,'26C02Z'
'26','DP','D-039','1D','D-042','1D','D-044','1DAS','CMASNT',,,'26M01S'
'26','DP','D-039','1D','D-042','1D','D-044',,,,,'26M02Z'
'26','DP','D-039','1D','D-042','1D','D-045','1A','opératoire','1DAS','CMASNT','26C01S'
'26','DP','D-039','1D','D-042','1D','D-045','1A','opératoire',,,'26C02Z'
'26','DP','D-039','1D','D-042','1D','D-045','1DAS','CMASNT',,,'26M01S'
'26','DP','D-039','1D','D-042','1D','D-045',,,,,'26M02Z'
'26','DP','D-039','1D','D-042','1D','D-046','1A','opératoire','1DAS','CMASNT','26C01S'
'26','DP','D-039','1D','D-042','1D','D-046','1A','opératoire',,,'26C02Z'
'26','DP','D-039','1D','D-042','1D','D-046','1DAS','CMASNT',,,'26M01S'
'26','DP','D-039','1D','D-042','1D','D-046',,,,,'26M02Z'
'26','DP','D-039','1D','D-042','1D','D-047','1A','opératoire','1DAS','CMASNT','26C01S'
'26','DP','D-039','1D','D-042','1D','D-047','1A','opératoire',,,'26C02Z'
'26','DP','D-039','1D','D-042','1D','D-047','1DAS','CMASNT',,,'26M01S'
'26','DP','D-039','1D','D-042','1D','D-047',,,,,'26M02Z'
'26','DP','D-039','1D','D-043','1D','D-044','1A','opératoire','1DAS','CMASNT','26C01S'
'26','DP','D-039','1D','D-043','1D','D-044','1A','opératoire',,,'26C02Z'
'26','DP','D-039','1D','D-043','1D','D-044','1DAS','CMASNT',,,'26M01S'
'26','DP','D-039','1D','D-043','1D','D-044',,,,,'26M02Z'
'26','DP','D-039','1D','D-043','1D','D-045','1A','opératoire','1DAS','CMASNT','26C01S'
'26','DP','D-039','1D','D-043','1D','D-045','1A','opératoire',,,'26C02Z'
'26','DP','D-039','1D','D-043','1D','D-045','1DAS','CMASNT',,,'26M01S'
'26','DP','D-039','1D','D-043','1D','D-045',,,,,'26M02Z'
'26','DP','D-039','1D','D-043','1D','D-046','1A','opératoire','1DAS','CMASNT','26C01S'
'26','DP','D-039','1D','D-043','1D','D-046','1A','opératoire',,,'26C02Z'
'26','DP','D-039','1D','D-043','1D','D-046','1DAS','CMASNT',,,'26M01S'
'26','DP','D-039','1D','D-043','1D','D-046',,,,,'26M02Z'
'26','DP','D-039','1D','D-043','1D','D-047','1A','opératoire','1DAS','CMASNT','26C01S'
'26','DP','D-039','1D','D-043','1D','D-047','1A','opératoire',,,'26C02Z'
'26','DP','D-039','1D','D-043','1D','D-047','1DAS','CMASNT',,,'26M01S'
'26','DP','D-039','1D','D-043','1D','D-047',,,,,'26M02Z'
'26','DP','D-039','1D','D-044','1D','D-045','1A','opératoire','1DAS','CMASNT','26C01S'
'26','DP','D-039','1D','D-044','1D','D-045','1A','opératoire',,,'26C02Z'
'26','DP','D-039','1D','D-044','1D','D-045','1DAS','CMASNT',,,'26M01S'
'26','DP','D-039','1D','D-044','1D','D-045',,,,,'26M02Z'
'26','DP','D-039','1D','D-044','1D','D-046','1A','opératoire','1DAS','CMASNT','26C01S'
'26','DP','D-039','1D','D-044','1D','D-046','1A','opératoire',,,'26C02Z'
'26','DP','D-039','1D','D-044','1D','D-046','1DAS','CMASNT',,,'26M01S'
'26','DP','D-039','1D','D-044','1D','D-046',,,,,'26M02Z'
'26','DP','D-039','1D','D-044','1D','D-047','1A','opératoire','1DAS','CMASNT','26C01S'
'26','DP','D-039','1D','D-044','1D','D-047','1A','opératoire',,,'26C02Z'
'26','DP','D-039','1D','D-044','1D','D-047','1DAS','CMASNT',,,'26M01S'
'26','DP','D-039','1D','D-044','1D','D-047',,,,,'26M02Z'
'26','DP','D-039','1D','D-045','1D','D-046','1A','opératoire','1DAS','CMASNT','26C01S'
'26','DP','D-039','1D','D-045','1D','D-046','1A','opératoire',,,'26C02Z'
'26','DP','D-039','1D','D-045','1D','D-046','1DAS','CMASNT',,,'26M01S'
'26','DP','D-039','1D','D-045','1D','D-046',,,,,'26M02Z'
'26','DP','D-039','1D','D-045','1D','D-047','1A','opératoire','1DAS','CMASNT','26C01S'
'26','DP','D-039','1D','D-045','1D','D-047','1A','opératoire',,,'26C02Z'
'26','DP','D-039','1D','D-045','1D','D-047','1DAS','CMASNT',,,'26M01S'
'26','DP','D-039','1D','D-045','1D','D-047',,,,,'26M02Z'
'26','DP','D-039','1D','D-046','1D','D-047','1A','opératoire','1DAS','CMASNT','26C01S'
'26','DP','D-039','1D','D-046','1D','D-047','1A','opératoire',,,'26C02Z'
'26','DP','D-039','1D','D-046','1D','D-047','1DAS','CMASNT',,,'26M01S'
'26','DP','D-039','1D','D-046','1D','D-047',,,,,'26M02Z'
'25','DP','D-036','1DAS','D-037','MS','décès',,,,,'25Z02E'
'25','DP','D-036','1DAS','D-037','Age','<13a',,,,,'25Z03Z'
'25','DP','D-036','1DAS','D-037','1A','opératoire',,,,,'25C02Z'
'25','DP','D-036','1DAS','D-037','2D','D-038',,,,,'25M02C'
'25','DP','D-036','1DAS','D-037','1D','D-038',,,,,'25M02B'
'25','DP','D-036','1DAS','D-037',,,,,,,'25M02A'
'25','1DAS','D-036','DP','D-037','MS','décès',,,,,'25Z02E'
'25','1DAS','D-036','DP','D-037','Age','<13a',,,,,'25Z03Z'
'25','1DAS','D-036','DP','D-037','1A','opératoire',,,,,'25C02Z'
'25','1DAS','D-036','DP','D-037','2D','D-038',,,,,'25M02C'
'25','1DAS','D-036','DP','D-037','1D','D-038',,,,,'25M02B'
'25','1DAS','D-036','DP','D-037',,,,,,,'25M02A'
'01','1A','CM01','1A','A-195',,,,,,,'01C09Z'
'01','1A','CM01','1A','A-002','Age','<18a','1D','D-103',,,'01C11Z'
'01','1A','CM01','1A','A-002','Age','<18a',,,,,'01C12Z'
'01','1A','CM01','1A','A-002','1D','D-001','1DAS','CMA',,,'01C03W'
'01','1A','CM01','1A','A-002','1D','D-001',,,,,'01C03V'
'01','1A','CM01','1A','A-002','1DAS','CMA',,,,,'01C04W'
'01','1A','CM01','1A','A-002',,,,,,,'01C04V'
'01','1A','CM01','1DAS','CMAS',,,,,,,'01C01S'
'01','1A','CM01','1A','A-196',,,,,,,'01C10Z'
'01','1A','CM01','1A','A-003','1DAS','CMA',,,,,'01C05W'
'01','1A','CM01','1A','A-003',,,,,,,'01C05V'
'01','1A','CM01','1A','A-004','1DAS','CMA',,,,,'01C06W'
'01','1A','CM01','1A','A-003',,,,,,,'01C06V'
'01','1A','CM01','1A','A-005',,,,,,,'01C13Z'
'01','1A','CM01','1A','A-006','Age','>69a',,,,,'01C08W'
'01','1A','CM01','1A','A-006','1DAS','CMA',,,,,'01C08W'
'01','1A','CM01','1A','A-006',,,,,,,'01C08V'
'01','1A','non médical',,,,,,,,,'90H02Z'
'01','1DAS','CMASNT',,,,,,,,,'01M01S'
'01','1A','A-197',,,,,,,,,'01K02Z'
'01','1A','A-198',,,,,,,,,'01K03Z'
'01','DP','D-083','Age','<18a',,,,,,,'01M02Z'
'01','DP','D-083','Age','>69a',,,,,,,'01M03W'
'01','DP','D-083','1DAS','CMAS',,,,,,,'01M03W'
'01','DP','D-083',,,,,,,,,'01M03V'
'01','DP','D-0113',,,,,,,,,'01M04Z'
'01','DP','D-0104','Age','>69a',,,,,,,'01M05W'
'01','DP','D-0104','1DAS','CMAS',,,,,,,'01M05W'
'01','DP','D-0104',,,,,,,,,'01M05V'
'01','DP','D-0105','1DAS','CMAS',,,,,,,'01M06W'
'01','DP','D-0105',,,,,,,,,'01M06V'
'01','DP','D-0106','Age','>80a',,,,,,,'01M07Z'
'01','DP','D-0106','1DAS','CMA',,,,,,,'01M08W'
'01','DP','D-0106',,,,,,,,,'01M08V'
'01','DP','D-0107',,,,,,,,,'01M09Z'
'01','DP','D-0108','1DAS','CMA',,,,,,,'01M10W'
'01','DP','D-0108',,,,,,,,,'01M10V'
'01','DP','D-0109','Age','>69a',,,,,,,'01M11W'
'01','DP','D-0109','1DAS','CMA',,,,,,,'01M11W'
'01','DP','D-0109',,,,,,,,,'01M11V'
'01','DP','D-0110','Age','>69a',,,,,,,'01M12W'
'01','DP','D-0110','1DAS','CMA',,,,,,,'01M12W'
'01','DP','D-0110',,,,,,,,,'01M12V'
'01','DP','D-0112',,,,,,,,,'01M13Z'
'01','DP','D-0103','1DAS','CMA',,,,,,,'01M14W'
'01','DP','D-0103',,,,,,,,,'01M14V'
'01','DP','D-0114','Age','>80a',,,,,,,'01M15Z'
'01','DP','D-0114',,,,,,,,,'01M16Z'
'01','DP','D-0116','Age','>69a',,,,,,,'01M17W'
'01','DP','D-0116','1DAS','CMA',,,,,,,'01M17W'
'01','DP','D-0116',,,,,,,,,'01M17V'
'01','DP','D-0117','1D','D-033','Age','>69a',,,,,'01M18W'
'01','DP','D-0117','1D','D-033','1DAS','CMA',,,,,'01M18W'
'01','DP','D-0117','1D','D-033',,,,,,,'01M18V'
'01','DP','D-0117','1D','D-034','Age','>69a',,,,,'01M19W'
'01','DP','D-0117','1D','D-034','1DAS','CMA',,,,,'01M19W'
'01','DP','D-0117','1D','D-034',,,,,,,'01M19V'
'01','DP','D-0117','Age','>69a',,,,,,,'01M20W'
'01','DP','D-0117','1DAS','CMA',,,,,,,'01M20W'
'01','DP','D-0117',,,,,,,,,'01M20V'
'01','DP','D-098',,,,,,,,,'01M21Z'
'02','1A','CM02','1A','A-007','Age','>69a',,,,,'02C02W'
'02','1A','CM02','1A','A-007','1DAS','CMA',,,,,'02C02W'
'02','1A','CM02','1A','A-007',,,,,,,'02C02V'
'02','1A','CM02','1A','A-008',,,,,,,'02C03Z'
'02','1A','CM02','1A','A-213',,,,,,,'02C09Z'
'02','1A','CM02','1A','A-009',,,,,,,'02C04Z'
'02','1A','CM02','1A','A-010',,,,,,,'02C05Z'
'02','1A','CM02','1A','A-011',,,,,,,'02C04Z'
'02','1A','CM02','1A','A-012',,,,,,,'02C06Z'
'02','1A','CM02','1A','A-013','Age','<18a',,,,,'02C07Z'
'02','1A','CM02','1A','A-013','Age','>69a',,,,,'02C08W'
'02','1A','CM02','1A','A-013','1DAS','CMA',,,,,'02C08W'
'02','1A','CM02','1A','A-013',,,,,,,'02C08V'
'02','1A','non médical',,,,,,,,,'90H02Z'
'02','DP','D-0201',,,,,,,,,'02M02Z'
'02','DP','D-0202',,,,,,,,,'02M03Z'
'02','DP','D-0203',,,,,,,,,'02M04Z'
'02','DP','D-0204','Age','<18a',,,,,,,'02M05Z'
'02','DP','D-0204','1DAS','CMA',,,,,,,'02M06W'
'02','DP','D-0204',,,,,,,,,'02M06V'
'03','1A','CM03','1A','A-014','1DAS','CMA',,,,,'03C02W'
'03','1A','CM03','1A','A-014',,,,,,,'03C02V'
'03','1A','CM03','1A','A-199',,,,,,,'03C18Z'
'03','1A','CM03','1A','A-015',,,,,,,'03C03Z'
'03','1A','CM03','1A','A-106',,,,,,,'03C04Z'
'03','1A','CM03','1A','A-107',,,,,,,'03C05Z'
'03','1A','CM03','1A','A-214',,,,,,,'03C19Z'
'03','1A','CM03','1A','A-018','Age','<18a',,,,,'03C06Z'
'03','1A','CM03','1A','A-018','Age','>69a',,,,,'03C07W'
'03','1A','CM03','1A','A-018','1DAS','CMA',,,,,'03C07W'
'03','1A','CM03','1A','A-018',,,,,,,'03C07V'
'03','1A','CM03','1A','A-229',,,,,,,'03C20Z'
'03','1A','CM03','1A','A-230',,,,,,,'03C21Z'
'03','1A','CM03','1A','A-020',,,,,,,'03C09Z'
'03','1A','CM03','nA','A-021','Age','<18a',,,,,'03C10Z'
'03','1A','CM03','nA','A-021',,,,,,,'03C11Z'
'03','1A','CM03','1A','A-022','Age','<18a',,,,,'03C12Z'
'03','1A','CM03','nA','A-021',,,,,,,'03C13Z'
'03','1A','CM03','1A','A-023','Age','<18a',,,,,'03C14Z'
'03','1A','CM03','nA','A-021',,,,,,,'03C15Z'
'03','1A','CM03','1A','A-024','Age','>69a',,,,,'03C16W'
'03','1A','CM03','nA','A-021','1DAS','CMA',,,,,'03C16W'
'03','1A','CM03','nA','A-021',,,,,,,'03C16V'
'03','1A','CM03','1A','A-132',,,,,,,'0317Z'
'03','1A','non médical',,,,,,,,,'90H02Z'
'03','DP','D-0301',,,,,,,,,'03M02Z'
'03','DP','D-084','Age','<18a',,,,,,,'03M03Z'
'03','DP','D-084','Age','>69a',,,,,,,'03M04W'
'03','DP','D-084','1DAS','CMA',,,,,,,'03M04W'
'03','DP','D-084',,,,,,,,,'03M04V'
'03','DP','D-0304',,,,,,,,,'03M05Z'
'03','DP','D-0305',,,,,,,,,'03M06Z'
'03','DP','D-0306','Age','>69a',,,,,,,'03M07W'
'03','DP','D-0306','1DAS','CMA',,,,,,,'03M07W'
'03','DP','D-0306',,,,,,,,,'03M07V'
'03','DP','D-0307','Age','<18a',,,,,,,'03M08Z'
'03','DP','D-0307','1DAS','CMA',,,,,,,'03M09W'
'03','DP','D-0307',,,,,,,,,'03M09V'
'03','DP','D-0309','1A','A-053',,,,,,,'03K02Z'
'03','DP','D-0309','Age','<18a',,,,,,,'03M10Z'
'03','DP','D-0309','Age','>69a',,,,,,,'03M11W'
'03','DP','D-0309','1DAS','CMA',,,,,,,'03M11W'
'03','DP','D-0309',,,,,,,,,'03M11V'
'04','1A','CM04','1DAS','CMAS',,,,,,,'04C01S'
'04','1A','CM04','1A','A-025','1DAS','CMA',,,,,'04C02W'
'04','1A','CM04','1A','A-025',,,,,,,'04C02V'
'04','1A','CM04','1A','A-026','1DAS','CMA',,,,,'04C03W'
'04','1A','CM04','1A','A-026',,,,,,,'04C03V'
'04','1A','non médical',,,,,,,,,'90H02Z'
'04','DP','D-085','Age','<18a','1DAS','CMA',,,,,'04M02W'
'04','DP','D-085','Age','<18a',,,,,,,'04M02V'
'04','DP','D-085','Age','>69a',,,,,,,'04M03W'
'04','DP','D-085','1DAS','CMA',,,,,,,'04M03W'
'04','DP','D-085',,,,,,,,,'04M03V'
'04','DP','D-0402','Age','<18a',,,,,,,'04M04Z'
'04','DP','D-0402','1DAS','CMA',,,,,,,'04M05W'
'04','DP','D-0402',,,,,,,,,'04M05V'
'04','DP','D-0403','Age','<18a',,,,,,,'04M06Z'
'04','DP','D-0403','1DAS','CMA',,,,,,,'04M07W'
'04','DP','D-0403',,,,,,,,,'04M07V'
'04','DP','D-0404','1DAS','CMA',,,,,,,'04M08W'
'04','DP','D-0404',,,,,,,,,'04M08V'
'04','DP','D-0405','1DAS','CMA',,,,,,,'04M09W'
'04','DP','D-0405',,,,,,,,,'04M09V'
'04','DP','D-0406','1DAS','CMA',,,,,,,'04M10W'
'04','DP','D-0406',,,,,,,,,'04M10V'
'04','DP','D-0407','1DAS','CMA',,,,,,,'04M11W'
'04','DP','D-0407',,,,,,,,,'04M11V'
'04','DP','D-0408','1DAS','CMA',,,,,,,'04M12W'
'04','DP','D-0408',,,,,,,,,'04M12V'
'04','DP','D-0409',,,,,,,,,'04M13Z'
'04','DP','D-0410','1DAS','CMA',,,,,,,'04M14W'
'04','DP','D-0410',,,,,,,,,'04M14V'
'04','DP','D-0411','1DAS','CMA',,,,,,,'04M15W'
'04','DP','D-0411',,,,,,,,,'04M15V'
'04','DP','D-0412','1DAS','CMA',,,,,,,'04M16W'
'04','DP','D-0412',,,,,,,,,'04M16V'
'04','DP','D-0413','1DAS','CMA',,,,,,,'04M17W'
'04','DP','D-0413',,,,,,,,,'04M17V'
'05','1A','CM05','1A','A-028','1A','A-029',,,,,'05C02Z'
'05','1A','CM05','1A','A-028','1DAS','CMA',,,,,'05C03W'
'05','1A','CM05','1A','A-028',,,,,,,'05C03V'
'05','1A','CM05','1A','A-030','1A','A-029','1DAS','CMA',,,'05C04W'
'05','1A','CM05','1A','A-030','1A','A-029',,,,,'05C04V'
'05','1A','CM05','1A','A-030','1DAS','CMA',,,,,'05C05W'
'05','1A','CM05','1A','A-030',,,,,,,'05C05V'
'05','1A','CM05','1A','A-031','1A','A-032','Age','>1a','1DAS','CMA','05C06W'
'05','1A','CM05','1A','A-031','1A','A-032','Age','>1a',,,'05C06V'
'05','1A','CM05','1A','A-031','1A','A-032',,,,,'05C07Z'
'05','1A','CM05','1A','A-031','Age','>1a','1DAS','CMA',,,'05C08W'
'05','1A','CM05','1A','A-031','Age','>1a',,,,,'05C08V'
'05','1A','CM05','1A','A-031',,,,,,,'05C09Z'
'05','1A','CM05','1A','A-033','1A','A-032','1DAS','CMA',,,'05C06W'
'05','1A','CM05','1A','A-033','1A','A-032',,,,,'05C06V'
'05','1A','CM05','1A','A-033','1A','A-034','1DAS','CMA',,,'05C10W'
'05','1A','CM05','1A','A-033','1A','A-034',,,,,'05C10V'
'05','1A','CM05','1A','A-033','1DAS','CMA',,,,,'05C11W'
'05','1A','CM05','1A','A-033',,,,,,,'0511V'
'05','1A','CM05','1A','A-035','1DAS','CMA',,,,,'05C12W'
'05','1A','CM05','1A','A-035',,,,,,,'05C12V'
'05','1A','CM05','1A','A-036','1DAS','CMA',,,,,'05C13W'
'05','1A','CM05','1A','A-036',,,,,,,'05C13V'
'05','1A','CM05','1A','A-187',,,,,,,'05C19Z'
'05','1A','CM05','1A','A-037','1D','D-002',,,,,'05C14Z'
'05','1A','CM05','1A','A-037',,,,,,,'05C15Z'
'05','1A','CM05','1A','A-039',,,,,,,'05C20Z'
'05','1A','CM05','1A','A-040','Age','>69a',,,,,'05C17W'
'05','1A','CM05','1A','A-040','1DAS','CMA',,,,,'0517W'
'05','1A','CM05','1A','A-040',,,,,,,'05C17V'
'05','1A','CM05','1A','A-041',,,,,,,'05C18Z'
'05','1A','non médical',,,,,,,,,'90H02Z'
'05','1A','A-212',,,,,,,,,'05K11Z'
'05','1A','A-172','1D','D-011','1DAS','CMA|hors infarctus',,,,,'05K05W'
'05','1A','A-172','1D','D-011','MS','décès',,,,,'05K05W'
'05','1A','A-172','1D','D-011','1D','D-012',,,,,'05K05W'
'05','1A','A-172','1D','D-011',,,,,,,'05K05V'
'05','1A','A-172','1DAS','CMA',,,,,,,'05K06W'
'05','1A','A-172',,,,,,,,,'05K06V'
'05','1D','D-011','MS','décès',,,,,,,'05M02E'
'05','1D','D-011','1D','D-012',,,,,,,'05M03Z'
'05','1D','D-011','1DAS','CMA|hors infarctus',,,,,,,'05M04W'
'05','1D','D-011',,,,,,,,,'05M04V'
'05','1A','A-188','1D','D-013',,,,,,,'05K07Z'
'05','1A','A-188',,,,,,,,,'05K08Z'
'05','1A','A-211','1D','D-013',,,,,,,'05K09Z'
'05','1A','A-211',,,,,,,,,'05K10Z'
'05','DP','D-0501','Age','>69a',,,,,,,'05M05W'
'05','DP','D-0501','1DAS','CMA',,,,,,,'05M05W'
'05','DP','D-0501',,,,,,,,,'05M05V'
'05','DP','D-0502','1DAS','CMA',,,,,,,'05M06W'
'05','DP','D-0502',,,,,,,,,'05M06V'
'05','DP','D-0503','Age','>69a',,,,,,,'05M07W'
'05','DP','D-0503','1DAS','CMA',,,,,,,'05M07W'
'05','DP','D-0503',,,,,,,,,'05M07V'
'05','DP','D-086','Age','>69a',,,,,,,'05M08W'
'05','DP','D-086','1DAS','CMA',,,,,,,'05M08V'
'05','DP','D-086',,,,,,,,,'05M08V'
'05','DP','D-0505','1DAS','CMA',,,,,,,'05M09W'
'05','DP','D-0505',,,,,,,,,'05M09V'
'05','DP','D-0507','Age','<18a',,,,,,,'05M10Z'
'05','DP','D-0507','Age','>69a',,,,,,,'05M11W'
'05','DP','D-0507','1DAS','CMA',,,,,,,'05M11W'
'05','DP','D-0507',,,,,,,,,'05M11V'
'05','DP','D-0508','Age','>69a',,,,,,,'05M12W'
'05','DP','D-0508','1DAS','CMA',,,,,,,'05M12W'
'05','DP','D-0509',,,,,,,,,'05M13Z'
'05','DP','D-0510',,,,,,,,,'05M14Z'
'05','DP','D-0511',,,,,,,,,'05M15Z'
'05','DP','D-0511',,,,,,,,,'05M15Z'
'05','DP','D-0512','1DAS','CMA',,,,,,,'05M16W'
'05','DP','D-0512',,,,,,,,,'05M16V'
'05','DP','D-0513','1DAS','CMA',,,,,,,'05M17W'
'05','DP','D-0513',,,,,,,,,'05M17V'
'05','DP','D-0514',,,,,,,,,'05M18Z'
'06','1A','CM06','1A','A-179',,,,,,,'06C02Z'
'06','1A','CM06','1A','A-042','1DAS','CMA',,,,,'06C03W'
'06','1A','CM06','1A','A-042',,,,,,,'06C03V'
'06','1A','CM06','1A','A-043','1DAS','CMA',,,,,'06C04W'
'06','1A','CM06','1A','A-043',,,,,,,'06C04V'
'06','1A','CM06','1A','A-044','Age','<18a',,,,,'06C05Z'
'06','1A','CM06','1A','A-044','1D','D-104','1DAS','CMA',,,'06C16W'
'06','1A','CM06','1A','A-044','1D','D-104',,,,,'06C16V'
'06','1A','CM06','1A','A-044','1DAS','CMA',,,,,'06C17W'
'06','1A','CM06','1A','A-044',,,,,,,'06C17V'
'06','1A','CM06','1A','A-046','1DAS','CMA',,,,,'06C07W'
'06','1A','CM06','1A','A-046',,,,,,,'06C07V'
'06','1A','CM06','1A','A-047','1D','D-003','Age','>69a',,,'06C08W'
'06','1A','CM06','1A','A-047','1D','D-003','1DAS','CMA',,,'06C08W'
'06','1A','CM06','1A','A-047','1D','D-003',,,,,'06C08V'
'06','1A','CM06','1A','A-047','Age','>69a',,,,,'06C09W'
'06','1A','CM06','1A','A-047','1DAS','CMA',,,,,'06C09W'
'06','1A','CM06','1A','A-047',,,,,,,'06C09V'
'06','1A','CM06','1A','A-048','Age','<18a',,,,,'06C10Z'
'06','1A','CM06','1A','A-048','1A','A-049','1DAS','CMA',,,'06C11W'
'06','1A','CM06','1A','A-048','1A','A-049',,,,,'06C11V'
'06','1A','CM06','1A','A-048','1DAS','CMA',,,,,'06C12W'
'06','1A','CM06','1A','A-048',,,,,,,'06C12V'
'06','1A','CM06','1A','A-045','Age','>69a',,,,,'06C13W'
'06','1A','CM06','1A','A-045','1DAS','CMA',,,,,'06C13W'
'06','1A','CM06','1A','A-045',,,,,,,'06C13V'
'06','1A','CM06','1A','A-050','1DAS','CMA',,,,,'06C14W'
'06','1A','CM06','1A','A-050',,,,,,,'06C14V'
'06','1A','CM06','1A','A-052','1DAS','CMA',,,,,'06C15W'
'06','1A','CM06','1A','A-052',,,,,,,'06C15V'
'06','1A','non médical',,,,,,,,,'90H02Z'
'06','1DAS','CMAS',,,,,,,,,'06M01S'
'06','DP','D-0602','Age','<18a','1DAS','CMA',,,,,'06M02W'
'06','DP','D-0602','Age','<18a',,,,,,,'06M02V'
'06','DP','D-0602','Age','>69a',,,,,,,'06M03W'
'06','DP','D-0602','1DAS','CMA',,,,,,,'06M03W'
'06','DP','D-0602',,,,,,,,,'06M03V'
'06','DP','D-0604','Age','>69a',,,,,,,'06M04W'
'06','DP','D-0604','1DAS','CMA',,,,,,,'06M04W'
'06','DP','D-0604',,,,,,,,,'06M04V'
'06','DP','D-0605','Age','>69a',,,,,,,'06M05W'
'06','DP','D-0605','1DAS','CMA',,,,,,,'06M05W'
'06','DP','D-0605',,,,,,,,,'06M05V'
'06','DP','D-0606','1DAS','CMA',,,,,,,'06M06W'
'06','DP','D-0606',,,,,,,,,'06M06V'
'06','DP','D-0607','1DAS','CMA',,,,,,,'06M07W'
'06','DP','D-0607',,,,,,,,,'06M07V'
'06','DP','D-0608','Age','<18a',,,,,,,'06M08Z'
'06','DP','D-0608','Age','>69a',,,,,,,'06M09W'
'06','DP','D-0608','1DAS','CMA',,,,,,,'06M09W'
'06','DP','D-0608',,,,,,,,,'06M09V'
'06','DP','D-0603',,,,,,,,,'06M10Z'
'06','DP','D-0609','Age','>69a',,,,,,,'06M11W'
'06','DP','D-0609','1DAS','CMA',,,,,,,'06M11W'
'06','DP','D-0609',,,,,,,,,'06M11V'
'07','1A','CM07','1A','A-144','1D','D-105','1DAS','CMA',,,'07C09W'
'07','1A','CM07','1A','A-144','1D','D-105',,,,,'07C09V'
'07','1A','CM07','1A','A-144','1DAS','CMA',,,,,'07C10W'
'07','1A','CM07','1A','A-144',,,,,,,'07C10V'
'07','1A','CM07','1A','A-231','1DAS','CMA',,,,,'07C11W'
'07','1A','CM07','1A','A-231',,,,,,,'07C11V'
'07','1A','CM07','1A','A-232','1DAS','CMA',,,,,'07C12W'
'07','1A','CM07','1A','A-232',,,,,,,'07C12V'
'07','1A','CM07','1A','A-056','1DAS','CMA',,,,,'07C04W'
'07','1A','CM07','1A','A-056',,,,,,,'07C04V'
'07','1A','CM07','1A','A-059','1D','D-071',,,,,'07C06Z'
'07','1A','CM07','1A','A-059',,,,,,,'07C07Z'
'07','1A','CM07','1A','A-060',,,,,,,'07C08Z'
'07','1A','non médical',,,,,,,,,'90H02Z'
'07','1DAS','CMAS',,,,,,,,,'07M01S'
'07','DP','D-0701','Age','>69a',,,,,,,'07M02W'
'07','DP','D-0701','1DAS','CMA',,,,,,,'07M02W'
'07','DP','D-0701',,,,,,,,,'07M02V'
'07','DP','D-0702','Age','>69a',,,,,,,'07M03W'
'07','DP','D-0702','1DAS','CMA',,,,,,,'07M03W'
'07','DP','D-0702',,,,,,,,,'07M03V'
'07','DP','D-0703','1DAS','CMA',,,,,,,'07M04W'
'07','DP','D-0703',,,,,,,,,'07M04V'
'07','DP','D-0704','1DAS','CMA',,,,,,,'07M05W'
'07','DP','D-0704',,,,,,,,,'07M05V'
'07','DP','D-071','Age','>69a',,,,,,,'07M06W'
'07','DP','D-071','1DAS','CMA',,,,,,,'07M06W'
'07','DP','D-071',,,,,,,,,'07M06V'
'08','1A','CM08','2A','A-061',,,,,,,'08C02Z'
'08','1A','CM08','1DAS','CMASNT',,,,,,,'08C01S'
'08','1A','CM08','1A','A-200',,,,,,,'08C22Z'
'08','1A','CM08','1A','A-201','1DAS','CMA',,,,,'08C23W'
'08','1A','CM08','1A','A-201',,,,,,,'08C23Z'
'08','1A','CM08','1A','A-202',,,,,,,'08C24Z'
'08','1A','CM08','1A','A-203',,,,,,,'08C25Z'
'08','1A','CM08','1A','A-063','Age','<18a',,,,,'08C04Z'
'08','1A','CM08','1A','A-063','1DAS','CMA',,,,,'08C05W'
'08','1A','CM08','1A','A-063',,,,,,,'08C05V'
'08','1A','CM08','1A','A-065',,,,,,,'08C06Z'
'08','1A','CM08','1A','A-191',,,,,,,'08C26Z'
'08','1A','CM08','1A','A-066','1DAS','CMA',,,,,'08C27W'
'08','1A','CM08','1A','A-066',,,,,,,'08C27V'
'08','1A','CM08','1A','A-223',,,,,,,'08C28Z'
'08','1A','CM08','1A','A-068','Age','<18a',,,,,'08C08Z'
'08','1A','CM08','1A','A-068','1DAS','CMA',,,,,'08C09W'
'08','1A','CM08','1A','A-068',,,,,,,'08C09V'
'08','1A','CM08','1A','A-069','Age','>69a',,,,,'08C10W'
'08','1A','CM08','1A','A-069','1DAS','CMA',,,,,'08C10W'
'08','1A','CM08','1A','A-069',,,,,,,'08C10V'
'08','1A','CM08','1A','A-072','Age','>69a',,,,,'08C11W'
'08','1A','CM08','1A','A-072','1DAS','CMA',,,,,'08C11W'
'08','1A','CM08','1A','A-067',,,,,,,'08C12Z'
'08','1A','CM08','1A','A-070',,,,,,,'08C13Z'
'08','1A','CM08','1A','A-071',,,,,,,'08C14Z'
'08','1A','CM08','1A','A-073','1DAS','CMA',,,,,'08C15W'
'08','1A','CM08','1A','A-073',,,,,,,'08C15V'
'08','1A','CM08','1A','A-074','1D','D-106',,,,,'08C29Z'
'08','1A','CM08','1A','A-074','1DAS','CMA',,,,,'08C30W'
'08','1A','CM08','1A','A-074',,,,,,,'08C30V'
'08','1A','CM08','1A','A-075','DP','D-004',,,,,'08C17Z'
'08','1A','CM08','1A','A-075','1DAS','CMA',,,,,'08C18W'
'08','1A','CM08','1A','A-075',,,,,,,'08C18V'
'08','1A','non médical',,,,,,,,,'90H02Z'
'08','1DAS','CMASNT',,,,,,,,,'08M01S'
'08','DP','D-0801','Age','<18a',,,,,,,'08M02Z'
'08','DP','D-0801','Age','>69a',,,,,,,'08M03W'
'08','DP','D-0801','1DAS','CMA',,,,,,,'08M03W'
'08','DP','D-0801',,,,,,,,,'08M03V'
'08','DP','D-0802','1DAS','CMA',,,,,,,'08M04W'
'08','DP','D-0802',,,,,,,,,'08M04V'
'08','DP','D-0803',,,,,,,,,'08M05Z'
'08','DP','D-0804','Age','<18a',,,,,,,'08M06Z'
'08','DP','D-0804','Age','>69a',,,,,,,'08M07W'
'08','DP','D-0804','1DAS','CMA',,,,,,,'08M07W'
'08','DP','D-0804',,,,,,,,,'08M07V'
'08','DP','D-0816',,,,,,,,,'08M08Z'
'08','DP','D-0805',,,,,,,,,'08M09Z'
'08','DP','D-0806','Age','>69a',,,,,,,'08M10W'
'08','DP','D-0806','1DAS','CMA',,,,,,,'0810W'
'08','DP','D-0806',,,,,,,,,'08M10V'
'08','DP','D-0807','1DAS','CMA',,,,,,,'0811W'
'08','DP','D-0807',,,,,,,,,'08M11V'
'08','DP','D-088','Age','>69a',,,,,,,'08M12W'
'08','DP','D-088','1DAS','CMA',,,,,,,'08M12W'
'08','DP','D-088',,,,,,,,,'08M12V'
'08','DP','D-0809',,,,,,,,,'08M13Z'
'08','DP','D-0810','Age','>69a',,,,,,,'08M14W'
'08','DP','D-0810','1DAS','CMA',,,,,,,'08M14W'
'08','DP','D-0810',,,,,,,,,'08M14V'
'08','DP','D-0811','Age','>69a',,,,,,,'08M15W'
'08','DP','D-0811','1DAS','CMA',,,,,,,'08M15W'
'08','DP','D-0811',,,,,,,,,'08M15V'
'08','DP','D-0812',,,,,,,,,'08M16Z'
'08','DP','D-0813',,,,,,,,,'08M17Z'
'08','DP','D-0814',,,,,,,,,'08M18Z'
'08','DP','D-0815','1DAS','CMA',,,,,,,'08M19W'
'08','DP','D-0815',,,,,,,,,'08M19V'
'09','DP','D-076',,,,,,,,,'09Z02Z'
'09','1A','CM09','1A','A-078','1D','D-005','1DAS','CMA',,,'09C02W'
'09','1A','CM09','1A','A-078','1D','D-005',,,,,'09C02V'
'09','1A','CM09','1A','A-078','1DAS','CMA',,,,,'09C03W'
'09','1A','CM09','1A','A-078',,,,,,,'09C03V'
'09','1A','CM09','1A','A-079','1D','D-014','1A','A-080','1DAS','CMA','09C04W'
'09','1A','CM09','1A','A-079','1D','D-014','1A','A-080',,,'09C04V'
'09','1A','CM09','1A','A-079','1D','D-014','1DAS','CMA',,,'09C05W'
'09','1A','CM09','1A','A-079','1D','D-014',,,,,'09C05V'
'09','1A','CM09','1A','A-079','1A','A-081',,,,,'09C06Z'
'09','1A','CM09','1A','A-079',,,,,,,'09C07Z'
'09','1A','CM09','1A','A-082',,,,,,,'09C08Z'
'09','1A','CM09','1A','A-083',,,,,,,'09C09Z'
'09','1A','CM09','1A','A-084','1DAS','CMA',,,,,'09C10W'
'09','1A','CM09','1A','A-084',,,,,,,'09C10V'
'09','1A','non médical',,,,,,,,,'90H02Z'
'09','DP','D-089','Age','<18a',,,,,,,'09M02Z'
'09','DP','D-089','Age','>69a',,,,,,,'09M03W'
'09','DP','D-089','1DAS','CMA',,,,,,,'09M03W'
'09','DP','D-089',,,,,,,,,'09M03V'
'09','DP','D-0902','Age','<18a',,,,,,,'09M04Z'
'09','DP','D-0902','Age','>69a',,,,,,,'09M05W'
'09','DP','D-0902','1DAS','CMA',,,,,,,'09M05W'
'09','DP','D-0902',,,,,,,,,'09M05V'
'09','DP','D-0903',,,,,,,,,'09M06Z'
'09','DP','D-0904','Age','>69a',,,,,,,'09M07W'
'09','DP','D-0904','1DAS','CMA',,,,,,,'09M07W'
'09','DP','D-0904',,,,,,,,,'09M07V'
'09','DP','D-0905','Age','>69a',,,,,,,'09M08W'
'09','DP','D-0905','1DAS','CMA',,,,,,,'09M08W'
'09','DP','D-0905',,,,,,,,,'09M08V'
'09','DP','D-0906',,,,,,,,,'09M09Z'
'09','DP','D-0907','1DAS','CMA',,,,,,,'09M10W'
'09','DP','D-0907',,,,,,,,,'09M10V'
'10','1A','CM10','1DAS','CMAS',,,,,,,'10C01S'
'10','1A','CM10','1A','A-174',,,,,,,'10C02Z'
'10','1A','CM10','1A','A-175',,,,,,,'10C03Z'
'10','1A','CM10','1A','A-204',,,,,,,'10C09Z'
'10','1A','CM10','1A','A-088',,,,,,,'10C10Z'
'10','1A','CM10','1A','A-089',,,,,,,'10C05Z'
'10','1A','CM10','1A','A-090','1D','D-0107','Age','>69a',,,'10C11W'
'10','1A','CM10','1A','A-090','1D','D-0107','1DAS','CMA',,,'10C11W'
'10','1A','CM10','1A','A-090','1D','D-0107',,,,,'10C11V'
'10','1A','CM10','1A','A-090','Age','>69a',,,,,'10C12W'
'10','1A','CM10','1A','A-090','1DAS','CMA',,,,,'10C12W'
'10','1A','CM10','1A','A-090',,,,,,,'10C12V'
'10','1A','CM10','1A','A-091',,,,,,,'10C07Z'
'10','1A','CM10','1A','A-092',,,,,,,'10C08Z'
'10','1A','non médical',,,,,,,,,'90H02Z'
'10','1DAS','CMAS',,,,,,,,,'10M01S'
'10','DP','D-050','Age','>35a','Age','>69a',,,,,'10M02W'
'10','DP','D-050','Age','>35a','1DAS','CMA',,,,,'10M02W'
'10','DP','D-050','Age','>35a',,,,,,,'10M02V'
'10','DP','D-050',,,,,,,,,'10M03Z'
'10','DP','D-1003','Age','<18a','1DAS','CMA',,,,,'10M04W'
'10','DP','D-1003','Age','<18a',,,,,,,'10M04V'
'10','DP','D-1003','Age','>69a',,,,,,,'10M05W'
'10','DP','D-1003','1DAS','CMA',,,,,,,'10M05W'
'10','DP','D-1003',,,,,,,,,'10M05V'
'10','DP','D-1004',,,,,,,,,'10M06Z'
'10','DP','D-1005','Age','>69a',,,,,,,'10M07W'
'10','DP','D-1005','1DAS',,,,,,,,'10M07V'
'11','1A','CM11','1DAS','CMAS',,,,,,,'11C01S'
'11','1A','CM11','1A','A-094','1D','D-072','1DAS','CMA',,,'11C02W'
'11','1A','CM11','1A','A-094','1D','D-072',,,,,'11C02V'
'11','1A','CM11','1A','A-094','1DAS','CMA',,,,,'11C03V'
'11','1A','CM11','1A','A-094',,,,,,,'11C03V'
'11','1A','CM11','1A','A-096',,,,,,,'11C04Z'
'11','1A','CM11','1A','A-097','1DAS','CMA',,,,,'11C05W'
'11','1A','CM11','1A','A-097',,,,,,,'11C05V'
'11','1A','CM11','1A','A-098','Age','<18a',,,,,'11C06Z'
'11','1A','CM11','1A','A-099','1DAS','CMA',,,,,'11C08W'
'11','1A','CM11','1A','A-099',,,,,,,'11C08V'
'11','1A','non médical',,,,,,,,,'90H02Z'
'11','1DAS','CMAS',,,,,,,,,'11M01S'
'11','DP','D-1101','Age','>69a',,,,,,,'11M02W'
'11','DP','D-1101','1DAS','CMA',,,,,,,'11M02W'
'11','DP','D-1101',,,,,,,,,'11M02V'
'11','DP','D-1102','Age','<18a','1DAS','CMA',,,,,'11M03W'
'11','DP','D-1102','Age','<18a',,,,,,,'11M03V'
'11','DP','D-1102','Age','>69a',,,,,,,'11M04W'
'11','DP','D-1102','1DAS','CMA',,,,,,,'11M04V'
'11','DP','D-1102',,,,,,,,,'11M04V'
'11','DP','D-1103','1A','A-143','Age','>69a',,,,,'11K02W'
'11','DP','D-1103','1A','A-143','1DAS','CMA',,,,,'11K02W'
'11','DP','D-1103','1A','A-143',,,,,,,'11K02V'
'11','DP','D-1103','Age','>69a',,,,,,,'11M06W'
'11','DP','D-1103','1DAS','CMA',,,,,,,'11M06W'
'11','DP','D-1103',,,,,,,,,'11M06V'
'11','DP','D-072','1DAS','CMA',,,,,,,'11M07W'
'11','DP','D-072',,,,,,,,,'11M07V'
'11','DP','D-1105','Age','<18a',,,,,,,'11M08Z'
'11','DP','D-1105','1DAS','CMA',,,,,,,'11M09W'
'11','DP','D-1105',,,,,,,,,'11M09V'
'11','DP','D-1106','Age','>69a',,,,,,,'11M10W'
'11','DP','D-1106','1DAS','CMA',,,,,,,'11M10W'
'11','DP','D-1106',,,,,,,,,'11M10V'
'11','DP','D-1107','Age','<18a',,,,,,,'11M11Z'
'11','DP','D-1107','Age','>69a',,,,,,,'11M12W'
'11','DP','D-1107','1DAS','CMA',,,,,,,'11M12W'
'11','DP','D-1107',,,,,,,,,'11M12V'
'12','Sexe','Féminin',,,,,,,,,'90Z01Z'
'12','1A','CM12','1DAS','CMAS',,,,,,,'12C01S'
'12','1A','CM12','1A','A-100','1D','D-102',,,,,'12C11Z'
'12','1A','CM12','1A','A-100',,,,,,,'12C12Z'
'12','1A','CM12','1A','A-101',,,,,,,'12C03Z'
'12','1A','CM12','1A','A-102','1DAS','CMA',,,,,'12C04W'
'12','1A','CM12','1A','A-102',,,,,,,'12C04V'
'12','1A','CM12','1A','A-103','1D','D-073',,,,,'12C05Z'
'12','1A','CM12','1A','A-103','Age','<18a',,,,,'12C06Z'
'12','1A','CM12','1A','A-103',,,,,,,'12C07Z'
'12','1A','CM12','1A','A-104',,,,,,,'12C08Z'
'12','1A','CM12','1A','A-105','1D','D-073',,,,,'12C09Z'
'12','1A','CM12','1A','A-105',,,,,,,'12C10Z'
'12','1A','non médical',,,,,,,,,'90H02Z'
'12','DP','D-1201','Age','>69a',,,,,,,'12M02W'
'12','DP','D-1201','1DAS','CMA',,,,,,,'12M02W'
'12','DP','D-1201',,,,,,,,,'12M02V'
'12','DP','D-073','1DAS','CMA',,,,,,,'12M03W'
'12','DP','D-073',,,,,,,,,'12M03V'
'12','DP','D-1203','Age','>69a',,,,,,,'12M04W'
'12','DP','D-1203','1DAS','CMA',,,,,,,'12M04V'
'12','DP','D-1205',,,,,,,,,'12M05Z'
'13','Sexe','Masculin',,,,,,,,,'90Z01Z'
'13','1A','CM13','1A','A-106','1DAS','CMA',,,,,'13C02W'
'13','1A','CM13','1A','A-106',,,,,,,'13C02V'
'13','1A','CM13','1DAS','CMAS',,,,,,,'13C01S'
'13','1A','CM13','1A','A-107','Age','>69a',,,,,'13C03W'
'13','1A','CM13','1A','A-107','1DAS','CMA',,,,,'13C03W'
'13','1A','CM13','1A','A-107',,,,,,,'13C03V'
'13','1A','CM13','1A','A-108','Age','>69a',,,,,'13C04W'
'13','1A','CM13','1A','A-108','1DAS','CMA',,,,,'13C04W'
'13','1A','CM13','1A','A-108',,,,,,,'13C04V'
'13','1A','CM13','1A','A-109','1D','D-074',,,,,'13C05Z'
'13','1A','CM13','1A','A-109','1A','A-110',,,,,'A13C06Z'
'13','1A','CM13','1A','A-109','Age','>69a',,,,,'13C07W'
'13','1A','CM13','1A','A-109','1DAS','CMA',,,,,'13C07W'
'13','1A','CM13','1A','A-109',,,,,,,'13C07V'
'13','1A','CM13','1A','A-111','Age','>69a',,,,,'13C08W'
'13','1A','CM13','1A','A-111','1DAS','CMA',,,,,'13C08V'
'13','1A','CM13','1A','A-112',,,,,,,'13C09Z'
'13','1A','CM13','1A','A-113',,,,,,,'13C10Z'
'13','1A','CM13','1A','A-114','1D','D-074',,,,,'13C11Z'
'13','1A','CM13','1A','A-114',,,,,,,'13C12Z'
'13','1A','CM13','1A','A-115',,,,,,,'13C13Z'
'13','1A','non médical',,,,,,,,,'90H02Z'
'13','DP','D-1301',,,,,,,,,'13M02Z'
'13','DP','D-074','1DAS','CMA',,,,,,,'13M03W'
'13','DP','D-074',,,,,,,,,'13M03V'
'13','DP','D-1303','Age','>69a',,,,,,,'13M04W'
'13','DP','D-1303','1DAS','CMA',,,,,,,'13M04W'
'13','DP','D-1303',,,,,,,,,'13M04V'
'14','Sexe','Masculin',,,,,,,,,'90Z01Z'
'14','1D','D-025','DP','D-1403',,,,,,,'90Z01Z'
'14','1D','D-025','nA','A-116','1D','D-066',,,,,'14Z02C'
'14','1D','D-025','nA','A-116','1D','D-067',,,,,'14Z02B'
'14','1D','D-025','nA','A-116',,,,,,,'14Z02A'
'14','1D','D-025','1A','A-117','1D','D-068',,,,,'14C02C'
'14','1D','D-025','1A','A-117','1D','D-069',,,,,'14C02B'
'14','1D','D-025','1A','A-117',,,,,,,'14C02A'
'14','1D','D-025','1A','A-119',,,,,,,'14C03Z'
'14','1D','D-025','1A','non médical',,,,,,,'90H02Z'
'14','1D','D-025','1D','D-066',,,,,,,'14Z02C'
'14','1D','D-025','1D','D-067',,,,,,,'14Z02B'
'14','1D','D-025',,,,,,,,,'14Z02A'
'14','DP','D-1401','1D','D-026','1D','D-016',,,,,'14Z03B'
'14','DP','D-1401','1D','D-026',,,,,,,'14Z03A'
'14','DP','D-1401','1A','opératoire',,,,,,,'14C04Z'
'14','DP','D-1401',,,,,,,,,'14M02Z'
'14','DP','D-1402','1A','A-120',,,,,,,'14C05Z'
'14','DP','D-1402',,,,,,,,,'14Z04Z'
'14','DP','D-1403',,,,,,,,,'14Z05Z'
'14','DP','D-1404',,,,,,,,,'14Z06Z'
'14','DP','D-1405',,,,,,,,,'14Z07Z'
'15','Age','>120j','1A','A-001',,,,,,,'23C02Z'
'15','Age','>120j',,,,,,,,,'23M06Z'
'15','Age','>28j',,,,,,,,,'15Z02Z'
'15','MS','transfert','Dest','court séjour','DS','<4',,,,,'15Z03Z'
'15','Poids','>=6000g',,,,,,,,,'90Z02Z'
'15','Poids','>=2500g','MS','décès',,,,,,,'15Z04E'
'15','Poids','>=2500g','1D','D-020',,,,,,,'15Z05D'
'15','Poids','>=2500g','1D','D-058',,,,,,,'15Z05D'
'15','Poids','>=2500g','1D','D-056',,,,,,,'15Z05C'
'15','Poids','>=2500g','1D','D-059',,,,,,,'15Z05C'
'15','Poids','>=2500g','1D','D-057',,,,,,,'15Z05B'
'15','Poids','>=2500g','1D','D-060',,,,,,,'15Z05B'
'15','Poids','>=2500g',,,,,,,,,'15Z05A'
'15','Poids','>=2000g','MS','décès',,,,,,,'15Z04E'
'15','Poids','>=2000g','1D','D-020',,,,,,,'15Z06D'
'15','Poids','>=2000g','1D','D-061',,,,,,,'15Z06D'
'15','Poids','>=2000g','1D','D-056',,,,,,,'15Z06C'
'15','Poids','>=2000g','1D','D-062',,,,,,,'15Z06C'
'15','Poids','>=2000g','1D','D-057',,,,,,,'15Z06B'
'15','Poids','>=2000g','1D','D-063',,,,,,,'15Z06B'
'15','Poids','>=2000g',,,,,,,,,'15Z06A'
'15','Poids','>=1500g','MS','décès',,,,,,,'15Z04E'
'15','Poids','>=1500g','1D','D-020',,,,,,,'15Z07C'
'15','Poids','>=1500g','1D','D-056',,,,,,,'15Z07C'
'15','Poids','>=1500g','1D','D-064',,,,,,,'15Z07C'
'15','Poids','>=1500g','1D','D-057',,,,,,,'15Z07B'
'15','Poids','>=1500g','1D','D-065',,,,,,,'15Z07B'
'15','Poids','>=1500g',,,,,,,,,'15Z07A'
'15','Poids','>=1000g','MS','décès',,,,,,,'15Z08E'
'15','Poids','>=1000g',,,,,,,,,'15Z08A'
'15','Poids','>=400g','MS','décès',,,,,,,'15Z09E'
'15','Poids','>=400g',,,,,,,,,'15Z09A'
'15',,,,,,,,,,,'90Z02Z'
'16','1A','CM16','1DAS','CMAS',,,,,,,'16C01S'
'16','1A','CM16','1A','A-121',,,,,,,'16C02Z'
'16','1A','CM16','1A','A-122','1DAS','CMA',,,,,'16C03W'
'16','1A','CM16','1A','A-122',,,,,,,'16C03V'
'16','1A','non médical',,,,,,,,,'90H02Z'
'16','1DAS','CMAS',,,,,,,,,'16M01S'
'16','DP','D-1601','1DAS','CMA',,,,,,,'16M02W'
'16','DP','D-1601',,,,,,,,,'16M02V'
'16','DP','D-1602','Age','<18a','1DAS','CMA',,,,,'16M03W'
'16','DP','D-1602','Age','<18a',,,,,,,'16M03V'
'16','DP','D-1602','Age','>69a',,,,,,,'16M04W'
'16','DP','D-1602','1DAS','CMA',,,,,,,'16M04W'
'16','DP','D-1602',,,,,,,,,'16M04V'
'16','DP','D-1603','Age','>69a',,,,,,,'16M05W'
'16','DP','D-1603','1DAS','CMA',,,,,,,'16M05W'
'16','DP','D-1603',,,,,,,,,'16M05V'
'17','DP','D-051',,,,,,,,,'90Z01Z'
'17','1A','opératoire','1DAS','CMAS',,,,,,,'17C01S'
'17','1A','opératoire','DP','D-113','1A','A-123','1DAS','CMA',,,'17C02W'
'17','1A','opératoire','DP','D-113','1A','A-123',,,,,'17C02V'
'17','1A','opératoire','DP','D-113','1DAS','CMA',,,,,'17C03W'
'17','1A','opératoire','DP','D-113',,,,,,,'17C03V'
'17','1A','opératoire','1A','A-123','1DAS','CMA',,,,,'17C04W'
'17','1A','opératoire','1A','A-123',,,,,,,'17C04V'
'17','1A','opératoire','1DAS','CMA',,,,,,,'17C05W'
'17','1A','opératoire',,,,,,,,,'17C05V'
'17','1DAS','CMAS',,,,,,,,,'17M01S'
'17','DP','D-1706','Age','<18a',,,,,,,'17M08Z'
'17','DP','D-1706','1DAS','CMA',,,,,,,'17M09W'
'17','DP','D-1706',,,,,,,,,'17M09V'
'17','DP','D-1705','1DAS','CMA',,,,,,,'17M10W'
'17','DP','D-1705',,,,,,,,,'17M10V'
'17','DP','D-009','1A','A-124',,,,,,,'17K02Z'
'17','DP','D-009',,,,,,,,,'17M04Z'
'17','DP','D-1702','1DR','D-035',,,,,,,'17M05Z'
'17','DP','D-1702','1DAS','CMA',,,,,,,'17M06W'
'17','DP','D-1702',,,,,,,,,'17M06V'
'17','DP','D-1703','1A','A-192',,,,,,,'17K05Z'
'17','DP','D-1703','1A','A-176',,,,,,,'17K06Z'
'17','DP','D-1703',,,,,,,,,'17K04Z'
'17','DP','D-1704','Age','>69a',,,,,,,'17M07W'
'17','DP','D-1704','1DAS','CMA',,,,,,,'17M07W'
'17','DP','D-1704',,,,,,,,,'17M07V'
'18','1DAS','CMAS',,,,,,,,,'18Z01S'
'18','1A','opératoire','1DAS','CMA',,,,,,,'18C02W'
'18','1A','opératoire',,,,,,,,,'18C02V'
'18','DP','D-1801','Age','<18a','1DAS','CMA',,,,,'18M02W'
'18','DP','D-1801','Age','<18a',,,,,,,'18M02V'
'18','DP','D-1801',,,,,,,,,'18M03Z'
'18','DP','D-1805','Age','<18a','1DAS','CMA',,,,,'18M02W'
'18','DP','D-1805','Age','<18a',,,,,,,'18M02V'
'18','DP','D-1805','1DAS','CMA',,,,,,,'18M04W'
'18','DP','D-1805',,,,,,,,,'18M04V'
'18','DP','D-1802','DAS','CMA',,,,,,,'18M05W'
'18','DP','D-1802',,,,,,,,,'18M05V'
'18','DP','D-1803','Age','<18a',,,,,,,'18M06Z'
'18','DP','D-1803','1DAS','CMA',,,,,,,'18M07W'
'18','DP','D-1803',,,,,,,,,'18M07V'
'18','DP','D-1804','Age','>69a',,,,,,,'19M08W'
'18','DP','D-1804','1DAS','CMA',,,,,,,'18M08W'
'18','DP','D-1804',,,,,,,,,'18M08V'
'19','1A','opératoire',,,,,,,,,'19C02Z'
'19','DP','D-091','Age','>69a',,,,,,,'19M02W'
'19','DP','D-091','1DAS','CMA',,,,,,,'19M02W'
'19','DP','D-091',,,,,,,,,'19M02V'
'19','DP','D-1902',,,,,,,,,'19M03Z'
'19','DP','D-1903','Age','>80a',,,,,,,'19M04Z'
'19','DP','D-1903',,,,,,,,,'19M05Z'
'19','DP','D-1904','Age','>80a','1DAS','CMA',,,,,'19M06W'
'19','DP','D-1904','Age','>80a',,,,,,,'19M06V'
'19','DP','D-1904','1DAS','CMA',,,,,,,'19M07W'
'19','DP','D-1904',,,,,,,,,'19M07V'
'19','DP','D-1905',,,,,,,,,'19M08Z'
'19','DP','D-1906',,,,,,,,,'19M09Z'
'19','DP','D-1907',,,,,,,,,'19M10Z'
'19','DP','D-1908','Age','>69a',,,,,,,'19M11W'
'19','DP','D-1908','1DAS','CMA',,,,,,,'19M11W'
'19','DP','D-1908',,,,,,,,,'19M11V'
'20','DP','D-2001',,,,,,,,,'20Z02Z'
'20','DP','D-2002',,,,,,,,,'20Z03Z'
'20','DP','D-2003',,,,,,,,,'20Z04Z'
'20','DP','D-2004',,,,,,,,,'20Z05Z'
'20','DP','D-2005','Age','>69a',,,,,,,'20Z06W'
'20','DP','D-2005','1DAS','CMA',,,,,,,'20Z06W'
'20','DP','D-2005',,,,,,,,,'20Z06V'
'21','1A','CM21','1DAS','CMASNT',,,,,,,'21C01S'
'21','1A','CM21','1A','A-126',,,,,,,'21C02Z'
'21','1A','CM21','1A','A-127',,,,,,,'21C03Z'
'21','1A','CM21','1A','A-128',,,,,,,'21C04Z'
'21','1A','CM21','1A','A-129','1DAS','CMA',,,,,'21C05W'
'21','1A','CM21','1A','A-129',,,,,,,'21C05V'
'21','1A','non médical',,,,,,,,,'90H02Z'
'21','1DAS','CMASNT',,,,,,,,,'21M01S'
'21','DP','D-093','Age','<18a',,,,,,,'21M02Z'
'21','DP','D-093','Age','>69a',,,,,,,'21M03W'
'21','DP','D-093','1DAS','CMA',,,,,,,'21M03W'
'21','DP','D-093',,,,,,,,,'21M03V'
'21','DP','D-2102','Age','<18a',,,,,,,'21M04Z'
'21','DP','D-2102',,,,,,,,,'21M05Z'
'21','DP','D-2103','Age','<18a',,,,,,,'21M06Z'
'21','DP','D-2103','Age','>69a',,,,,,,'21M07W'
'21','DP','D-2103','1DAS','CMA',,,,,,,'21M07W'
'21','DP','D-2103',,,,,,,,,'21M07V'
'21','DP','D-2104','Age','>69a',,,,,,,'21M08W'
'21','DP','D-2104','1DAS','CMA',,,,,,,'21M08V'
'21','DP','D-2105','1DAS','CMA',,,,,,,'21M09W'
'21','DP','D-2105',,,,,,,,,'21M09V'
'22','1D','D-021',,,,,,,,,'22Z02Z'
'22','1A','CM22','1A','A-130',,,,,,,'22C02Z'
'22','1A','CM22','1A','A-131',,,,,,,'22C03Z'
'22','1A','non médical',,,,,,,,,'90H02Z'
'22',,,,,,,,,,,'22M02Z'
'23','DP','D-108',,,,,,,,,'23Z03Z'
'23','DP','D-075',,,,,,,,,'23Z02Z'
'23','1A','opératoire',,,,,,,,,'23C02Z'
'23','DP','D-2301',,,,,,,,,'23M02Z'
'23','DP','D-2302','1DAS','CMA',,,,,,,'23M03W'
'23','DP','D-2302',,,,,,,,,'23M03V'
'23','DP','D-2303','1DAS','D-009',,,,,,,'23M04Z'
'23','DP','D-2303',,,,,,,,,'23M05Z'
'23','DP','D-2304',,,,,,,,,'23M06Z'
